<?xml version="1.0" encoding="UTF-8" standalone="yes"?>
<addon id="plugin.video.jrappsdown" name="Loja de Aplicativos Android" version="kds1.0" provider-name="Kodish Team">
  <requires>
    <import addon="xbmc.python2" version="3.0.0"/>
    <import addon="plugin.video.youtube" version="5.0.0"/>
  </requires>
 <extension point="xbmc.python.pluginsource" library="default.py">
    <provides>video</provides>
 </extension>
 <extension point="xbmc.addon.metadata">
    <summary lang="en">Loja de Aplicativos Android</summary>
    <description lang="en">Chega de Sofrer entrar em varios links nos facilitamos seu download</description>
    <platform>all</platform>
    <forum></forum>
    <website></website>
    <assets>
    <icon>icon.png</icon>
	<fanart>fanart.jpg</fanart>
    </assets>
 </extension>
</addon>
