<?xml version="1.0" encoding="UTF-8" standalone="yes"?>
<addon id="Kodish.setup.store" name="Kodish Lizard" version="3.0" provider-name="Kodish-MC">
  <requires>
    <import addon="xbmc.python" version="2.1.0"/>	
  </requires>
  <extension point="xbmc.python.pluginsource" library="default.py">
        <provides>video</provides>
  </extension>
  <extension point="xbmc.addon.metadata">
		<summary lang="en">Kodish Store Lizard</summary>
		<description lang="en">Kodish Store Lizard</description>
		<disclaimer lang="en">Addon que permite instalar e Skins e Builds</disclaimer>
		<forum>none</forum>
		<source></source>
		<website></website>
		<platform>all</platform>
	</extension>
	
</addon>
